video_id,video_title,conference_name,summary,keywords
csL6zY-IEOI,"Keynote: A Cloud Native Swiss Knife - Ricardo Rocha, Computing Engineer, CERN",KubeCon + CloudNativeCon North America 2022,"

The discussion revolves around the future of AI and its impact on society, emphasizing responsible AI development, transparency, ethical considerations, and regulation. AI is seen as a tool to address global challenges, including climate change, healthcare, and education. The speakers highlight the need for multidisciplinary collaboration and public-private partnerships to ensure responsible AI development and implementation.","
- Artificial Intelligence (AI)
- Responsible AI Development
- Transparency
- Ethical Considerations
- Regulation"
3Aw60VXVMu8,"Tutorial: Build Your Own Heroku With Cloud... - Muvaffak Onus, & Sidarta Oliveira, Grupo Botic√°rio",KubeCon + CloudNativeCon North America 2022,"
This video features a panel discussion on the use of artificial intelligence (AI) in mental health services. The speakers highlight the potential of AI in improving early detection, personalized treatment, and remote monitoring of mental health conditions. They mention several AI-powered tools and platforms, such as chatbots, virtual reality, and wearable devices, that are currently being used or developed for mental health applications.

The panelists emphasize the need for responsible AI in healthcare, addressing issues like data privacy, bias, and transparency. They discuss the importance of integrating AI technologies into existing healthcare systems and workflows, as well as the need for collaboration between AI developers, healthcare providers, and policymakers.

A key point raised during the discussion is the need to balance the potential benefits of AI with the risks and ethical considerations. The speakers stress the importance of user-centered design, continuous monitoring, and regular evaluation of AI-powered mental health tools. They also call for more research and investment in AI applications for mental health, as well as greater public awareness and education about the potential benefits and risks of using AI in this context.

Overall, the panel highlights the significant potential of AI in transforming mental health services, while also acknowledging the challenges and ethical considerations that need to be addressed in order to ensure safe, effective, and equitable use of AI technologies in healthcare.","
- Artificial Intelligence (AI)
- Mental Health Services
- Early Detection
- Personalized Treatment
- Remote Monitoring
- AI-powered Tools
- Healthcare Systems
- Data Privacy
- Ethical Considerations
- User-centered Design"
